,CoinName,уровень,наивных голосов (из 15),ср. DTW-расстояние до BTC,30 дней / дневная частота,3 дня / часовая частота,1 час / минутная частота
RLUSD,Ripple USD,A — ядро,10,10.41,1.0,1.0,0.5
USDP,Pax Dollar,A — ядро,8,8.59,0.8,0.67,0.5
U,United Stables,B — устойчивые,9,7.55,1.0,1.0,0.0
USDC,USD Coin,B — устойчивые,11,10.14,1.0,1.0,0.0
USDS,Sky Dollar,B — устойчивые,9,10.48,1.0,1.0,0.0
USD1,World Liberty Financial USD,B — устойчивые,12,10.7,1.0,0.67,0.0
USDE,Ethena USDe,B — устойчивые,12,10.89,1.0,0.67,0.0
KGST,KGST,B — устойчивые,9,8.79,0.8,0.67,0.0
PORTAL,Portal,B — устойчивые,6,8.56,0.6,0.67,0.0
SC,Siacoin,B — устойчивые,9,7.13,0.4,1.0,0.5
GNS,Gains Network,B — устойчивые,8,10.02,0.2,0.67,0.5
XUSD,StraitsX XUSD,C — эпизодические,11,10.73,1.0,0.33,0.0
GPS,GoPlus Security,C — эпизодические,7,7.28,0.8,0.33,0.0
ATM,Atletico de Madrid Fan Token,C — эпизодические,5,9.36,0.6,0.33,0.0
EURI,Eurite,C — эпизодические,7,9.82,0.6,0.33,0.0
HEMI,Hemi,C — эпизодические,7,7.82,0.6,0.33,0.0
CFG,Centrifuge,C — эпизодические,5,9.81,0.6,0.0,0.0
LITEB,Litebeam,C — эпизодические,6,9.72,0.6,0.0,0.0
MUB,Mubarak on Base,C — эпизодические,5,9.08,0.6,0.0,0.0
TUT,Tutorial,C — эпизодические,7,10.04,0.6,0.0,0.0
IQ,IQ,C — эпизодические,6,6.05,0.4,1.0,0.0
BFUSD,BFUSD,C — эпизодические,8,7.01,0.4,0.67,0.0
DODO,DODO,C — эпизодические,7,10.27,0.4,0.67,0.0
FF,Falcon Finance,C — эпизодические,9,10.67,0.4,0.67,0.0
JST,JUST,C — эпизодические,5,8.27,0.4,0.67,0.0
EPIC,Epic Chain,C — эпизодические,6,9.57,0.4,0.0,0.5
MBL,MovieBloc,C — эпизодические,5,7.98,0.2,1.0,0.0
QKC,QuarkChain,C — эпизодические,5,5.83,0.2,1.0,0.0
TUSD,True USD,C — эпизодические,5,9.39,0.2,1.0,0.0
LSK,Lisk,C — эпизодические,6,9.93,0.2,0.67,0.0
REZ,Renzo,C — эпизодические,4,7.5,0.2,0.67,0.0
SUN,Sun Token,C — эпизодические,8,10.88,0.2,0.67,0.0
BANK,Lorenzo Protocol,C — эпизодические,7,8.09,0.2,0.33,0.5
GUN,GUNZ,C — эпизодические,7,10.42,0.2,0.0,0.5
TURTLE,Turtle,C — эпизодические,5,9.05,0.2,0.0,0.5
GAS,Gas,C — эпизодические,4,6.62,0.0,0.33,0.5
KNC,Kyber Network Crystal v2,C — эпизодические,3,7.36,0.0,0.33,0.5
MTL,Metal,C — эпизодические,4,7.55,0.0,0.33,0.5
POLYX,Polymesh,C — эпизодические,3,6.79,0.0,0.33,0.5
TREE,Treehouse,C — эпизодические,3,7.33,0.0,0.33,0.5
ZIL,Zilliqa,C — эпизодические,3,6.62,0.0,0.33,0.5
BREV,Brevis Token,C — эпизодические,6,8.83,0.0,0.0,0.5
ME,Magic Eden,C — эпизодические,2,6.43,0.0,0.0,0.5
METIS,Metis Token,C — эпизодические,3,7.35,0.0,0.0,0.5
