symbol,base,quote_volume_24h,last_price
USDCUSDT,USDC,2896987112.68022,1.00016
BTCUSDT,BTC,1091475055.8464706,77625.13
ETHUSDT,ETH,920791379.508775,2492.07
XRPUSDT,XRP,336018615.74759,1.4099
ZECUSDT,ZEC,254976480.26205,1146.91
SOLUSDT,SOL,222355823.68725,101.22
USD1USDT,USD1,168951914.2918,0.99982
BNBUSDT,BNB,98651303.14214,721.0
RLUSDUSDT,RLUSD,56970512.6903,1.0002
LSKUSDT,LSK,56435346.64578,0.3857
SUIUSDT,SUI,54508113.82155,0.7117
UUSDT,U,49275506.7441,1.0001
UNIUSDT,UNI,45670804.9212,6.637
NEARUSDT,NEAR,45074579.8299,2.45
DOGEUSDT,DOGE,44754076.14511,0.08321
XLMUSDT,XLM,34400776.9423,0.1928
FILUSDT,FIL,33038411.902271,0.8961
TRXUSDT,TRX,32327484.0872,0.338
ENAUSDT,ENA,30230229.880906,0.1417
ADAUSDT,ADA,29156671.38168,0.2049
XAUTUSDT,XAUT,26954140.083957,4301.72
FDUSDUSDT,FDUSD,22409957.7571,0.9987
PEPEUSDT,PEPE,21262552.31011341,3.46e-06
LINKUSDT,LINK,20506019.18453,11.443
TAOUSDT,TAO,19320060.9652,233.1
SNDKBUSDT,SNDKB,18787589.965045,1558.06
CRCLBUSDT,CRCLB,18143953.1301,92.72
AVAXUSDT,AVAX,18128623.21484,7.525
WLDUSDT,WLD,16325829.81891,0.3784
TRUMPUSDT,TRUMP,15099449.547813,1.958
PUMPUSDT,PUMP,14681640.606782,0.003642
REZUSDT,REZ,14674226.0634103,0.00392
PAXGUSDT,PAXG,14429051.768134,4304.81
ARKUSDT,ARK,13386352.4187,0.1546
LTCUSDT,LTC,13219009.50168,52.81
ARBUSDT,ARB,12786595.02929,0.1325
CVCUSDT,CVC,12329030.38768,0.03309
TUSDT,T,12070700.576609,0.00478
AAVEUSDT,AAVE,11244581.09905,127.67
ONDOUSDT,ONDO,10513443.01625,0.3519
FFUSDT,FF,10173300.486071,0.14857
INJUSDT,INJ,10119380.14945,6.106
BCHUSDT,BCH,9486767.0799,222.9
HOLOUSDT,HOLO,9048750.46251,0.0602
OPUSDT,OP,8862290.161634,0.102
FETUSDT,FET,8844163.28427,0.1618
DASHUSDT,DASH,8338080.12121,53.44
DOTUSDT,DOT,8219519.58153,0.992
XPLUSDT,XPL,8094899.957478,0.08226
PENDLEUSDT,PENDLE,7989873.4233,2.357
CAKEUSDT,CAKE,7463097.24217,2.326
HBARUSDT,HBAR,7460755.34974,0.07699
BANKUSDT,BANK,7453380.49218,0.0275
SPCXBUSDT,SPCXB,7399971.22733,148.42
SENTUSDT,SENT,7253862.9796,0.01506
VTHOUSDT,VTHO,7075182.238749,0.000726
MUBUSDT,MUB,6681889.16213,926.85
RAYUSDT,RAY,6410430.51288,1.3755
ASTRUSDT,ASTR,6362107.3308238,0.007248
ETHFIUSDT,ETHFI,5906742.0,0.6198
ICPUSDT,ICP,5804605.35709,2.607
GRAMUSDT,GRAM,5753968.86069,1.343
ASTERUSDT,ASTER,5625523.68359,0.69
HEMIUSDT,HEMI,5451144.617524,0.00635
BFUSDUSDT,BFUSD,5423755.0659,0.9999
APTUSDT,APT,5358297.66187,0.586
WLFIUSDT,WLFI,5327556.17331,0.057
ZROUSDT,ZRO,4976336.8616,0.963
HIVEUSDT,HIVE,4945651.3513,0.0546
PENGUUSDT,PENGU,4877977.918474,0.007052
POLUSDT,POL,4749548.484531,0.09616
NVDABUSDT,NVDAB,4708894.97398,212.27
LAUSDT,LA,4568447.1726,0.0681
MINAUSDT,MINA,4220329.63156,0.0807
REDUSDT,RED,4044866.28385,0.1428
STEEMUSDT,STEEM,4027052.661869,0.0561
NFPUSDT,NFP,3834192.03235,0.00181
JUPUSDT,JUP,3796766.89887,0.2364
ZAMAUSDT,ZAMA,3565572.41569,0.04617
QKCUSDT,QKC,3553358.143488,0.002515
TUSDUSDT,TUSD,3416311.7569,0.9995
XUSDUSDT,XUSD,3398256.4981,1.0006
EURIUSDT,EURI,3388925.54438,1.1536
SAGAUSDT,SAGA,3211911.077054,0.01887
SHIBUSDT,SHIB,3147674.37598602,5.19e-06
ZENUSDT,ZEN,3058028.5191,6.28
KAVAUSDT,KAVA,3023494.436115,0.06628
RENDERUSDT,RENDER,2873961.83856,1.38
TREEUSDT,TREE,2830625.51594,0.0445
VIRTUALUSDT,VIRTUAL,2775524.4971,0.6083
SOPHUSDT,SOPH,2752168.73737,0.00399
ATOMUSDT,ATOM,2741122.14163,1.584
JTOUSDT,JTO,2739795.9972,0.4507
TUTUSDT,TUT,2721437.26592,0.01865
WBTCUSDT,WBTC,2658390.0426352,77602.28
CRVUSDT,CRV,2594413.22117,0.3525
MORPHOUSDT,MORPHO,2541624.25039,2.173
SEIUSDT,SEI,2514403.932444,0.04414
POLYXUSDT,POLYX,2448350.04202,0.0399
CHIPUSDT,CHIP,2407366.30698,0.04137
ZILUSDT,ZIL,2397739.161927,0.003072
MTLUSDT,MTL,2384696.2156,0.302
COTIUSDT,COTI,2364338.12788,0.01716
PUNDIXUSDT,PUNDIX,2341044.91264,0.1104
HFTUSDT,HFT,2328073.1448576,0.00711
VANRYUSDT,VANRY,2320295.244185,0.00074
MIRAUSDT,MIRA,2295749.126277,0.04933
STRAXUSDT,STRAX,2293145.96224,0.01119
JSTUSDT,JST,2289400.82496,0.11482
LDOUSDT,LDO,2282776.56497,0.3601
WBETHUSDT,WBETH,2276292.603183,2757.25
WAXPUSDT,WAXP,2268243.84374,0.0053
DODOUSDT,DODO,2266967.487929,0.01822
ARUSDT,AR,2210768.1212,2.729
BBUSDT,BB,2128760.546672,0.0081
TIAUSDT,TIA,2107860.583452,0.3506
MOVRUSDT,MOVR,2060281.561062,0.812
AEROUSDT,AERO,2045052.09724,0.5516
TSLABUSDT,TSLAB,1929476.21962,359.04
BABYUSDT,BABY,1912244.90508,0.01122
ALGOUSDT,ALGO,1895105.4797,0.0955
MEGAUSDT,MEGA,1857677.203341,0.03544
VETUSDT,VET,1856009.5850312,0.007601
SYNUSDT,SYN,1812565.884389,0.08026
EIGENUSDT,EIGEN,1805179.156519,0.2005
STXUSDT,STX,1782035.25034,0.2621
ETCUSDT,ETC,1761874.5189,7.47
IOSTUSDT,IOST,1748888.228887,0.000775
SOLVUSDT,SOLV,1744375.71682,0.00476
LITEBUSDT,LITEB,1718850.49316,842.08
BONKUSDT,BONK,1706533.00530779,2.69e-06
BUSDUSDT,BUSD,1692463.3392,1.0003
ALTUSDT,ALT,1691221.8964,0.0066
METUSDT,MET,1652340.61809,0.2104
PROMUSDT,PROM,1636245.0555,5.716
RNDRUSDT,RNDR,1634692.1774,7.03
RONINUSDT,RONIN,1633725.132954,0.0568
GIGGLEUSDT,GIGGLE,1629313.52919,34.86
ORDIUSDT,ORDI,1566578.45306,4.109
DEXEUSDT,DEXE,1551784.74821,1.81
STRKUSDT,STRK,1538300.2171317,0.02831
SKYUSDT,SKY,1519640.34503,0.06383
BNSOLUSDT,BNSOL,1512169.1761,114.6
PYTHUSDT,PYTH,1502433.470418,0.05542
SCRTUSDT,SCRT,1502038.29646,0.0071
POLYUSDT,POLY,1490337.78753,0.2696
WIFUSDT,WIF,1488716.279911,0.1829
FLOKIUSDT,FLOKI,1395458.35790424,2.441e-05
ACEUSDT,ACE,1386328.21691,0.1503
MUBARAKUSDT,MUBARAK,1314446.681054,0.0301
NOTUSDT,NOT,1306470.08579,0.000457
FTMUSDT,FTM,1301242.2442,0.6994
GALUSDT,GAL,1275318.811376,2.542
KATUSDT,KAT,1265004.86348,0.00444
GALAUSDT,GALA,1220822.465798,0.00169
POWRUSDT,POWR,1201206.6949,0.06
API3USDT,API3,1148618.314314,0.2407
ANKRUSDT,ANKR,1126874.814493,0.0048
PLUMEUSDT,PLUME,1118799.43626,0.013
SAHARAUSDT,SAHARA,1112232.28978,0.00874
OMNIUSDT,OMNI,1105809.5996,3.88
TOMOUSDT,TOMO,1094187.90188,1.3819
CHZUSDT,CHZ,1091553.30406,0.01449
NEIROUSDT,NEIRO,1079840.95611009,8.261e-05
MATICUSDT,MATIC,1074370.70255,0.3794
XTZUSDT,XTZ,1070767.33372,0.2674
REUSDT,RE,1067489.61533,0.4324
FORMUSDT,FORM,1046294.43148,0.2357
JASMYUSDT,JASMY,1037991.273191,0.00382
VICUSDT,VIC,1019380.606824,0.0077
CFGUSDT,CFG,1013189.31015,0.1037
TVKUSDT,TVK,1009874.25101,0.05405
BICOUSDT,BICO,1002624.831059,0.01901
WALUSDT,WAL,968907.28192,0.028
CELOUSDT,CELO,943813.836709,0.08162
BERAUSDT,BERA,932153.4188118,0.1854
EOSUSDT,EOS,924391.64369,0.7799
LUNCUSDT,LUNC,908782.36740538,5.024e-05
LOKAUSDT,LOKA,898447.18098,0.1237
STORJUSDT,STORJ,894109.3041,0.0298
TRBUSDT,TRB,889437.55214,16.97
KAITOUSDT,KAITO,885326.93486,0.2966
BLZUSDT,BLZ,881426.1307,0.0582
KITEUSDT,KITE,881179.70065,0.1054
HIFIUSDT,HIFI,879729.93804,0.127
DOGSUSDT,DOGS,869830.19033695,5.103e-05
AVAUSDT,AVA,868030.01322,0.1684
GPSUSDT,GPS,867312.087397,0.0107
HNTUSDT,HNT,863151.1729,4.67
TSTUSDT,TST,860688.38673,0.0155
BETHUSDT,BETH,857076.116741,1556.27
PORTALUSDT,PORTAL,850182.762644,0.0186
BLURUSDT,BLUR,843808.813227,0.0173
0GUSDT,0G,839996.254686,0.1948
BIOUSDT,BIO,837699.299737,0.02557
APEUSDT,APE,834271.419466,0.1278
CTSIUSDT,CTSI,829426.14566,0.02538
MITOUSDT,MITO,824700.641997,0.01442
GLMUSDT,GLM,822252.94043,0.1164
币安人生USDT,币安人生,808124.70423,0.4736
IOTXUSDT,IOTX,807544.832517,0.003157
LPTUSDT,LPT,804666.83715,1.397
PLAUSDT,PLA,802650.287482,0.2347
AXSUSDT,AXS,801729.64038,0.945
LITUSDT,LIT,799655.0663,0.743
THETAUSDT,THETA,797477.52445,0.1957
AGIXUSDT,AGIX,787207.7244,0.6141
PEOPLEUSDT,PEOPLE,778568.040672,0.0078
DNTUSDT,DNT,775093.2743,0.036
BNXUSDT,BNX,768036.30934,1.7819
YFIIUSDT,YFII,762617.42137,435.5
NIGHTUSDT,NIGHT,761695.29716,0.02028
BOMEUSDT,BOME,755901.115715,0.0008521
AXLUSDT,AXL,754340.283673,0.0471
PYRUSDT,PYR,752924.953724,0.021
MFTUSDT,MFT,746802.044777,0.005254
RUNEUSDT,RUNE,740551.8639,0.514
BEAMUSDT,BEAM,739250.4197,0.0652
ALLOUSDT,ALLO,728873.07979,0.2168
KNCUSDT,KNC,727548.30297,0.1356
BTGUSDT,BTG,723201.9681,17.65
DARUSDT,DAR,720889.29232,0.21707
OOKIUSDT,OOKI,712370.498025,0.000119
BAKEUSDT,BAKE,711688.37986,0.0519
BONDUSDT,BOND,704422.82223,2.152
RVNUSDT,RVN,694699.672537,0.0022
ZKUSDT,ZK,689168.441613,0.00951
OMGUSDT,OMG,683758.0092,0.383
CFXUSDT,CFX,678604.04612,0.0475
FUSDT,F,672044.430287,0.003308
IQUSDT,IQ,666011.262568,0.000908
IOUSDT,IO,665067.81345,0.132
BTCSTUSDT,BTCST,662594.7346,5.35
AUCTIONUSDT,AUCTION,662231.15433,3.48
ROBOUSDT,ROBO,661144.84483,0.00854
NEXOUSDT,NEXO,659468.59771,0.81
EULUSDT,EUL,655024.1866,1.306
ANCUSDT,ANC,653323.4820719,0.03151
SYRUPUSDT,SYRUP,646874.63795,0.211
PNUTUSDT,PNUT,642966.16475,0.0454
SUSDT,S,642551.964921,0.02632
ELFUSDT,ELF,636799.68008,0.2272
2ZUSDT,2Z,631962.17994,0.04918
MCUSDT,MC,628174.819094,0.4861
COINBUSDT,COINB,616959.30983,184.64
ILVUSDT,ILV,609507.14762,3.45
MBLUSDT,MBL,605433.813917,0.000755
HEIUSDT,HEI,593415.21329,0.1152
ROSEUSDT,ROSE,593140.853158,0.00676
PHAUSDT,PHA,591389.8757,0.028
LOOMUSDT,LOOM,588914.38603,0.04831
SCUSDT,SC,581929.589607,0.000895
XMRUSDT,XMR,574681.0774,118.7
AUTOUSDT,AUTO,570865.3382,95.3
OMUSDT,OM,570825.51308,0.0669
AIONUSDT,AION,569915.46452,0.00943
NBSUSDT,NBS,568886.572924,0.00166
VANAUSDT,VANA,565970.31207,0.97
BSWUSDT,BSW,564542.19557,0.0112
SPKUSDT,SPK,564391.042774,0.018452
SANDUSDT,SAND,562019.66214,0.03531
KAIAUSDT,KAIA,555819.47596,0.0287
CVXUSDT,CVX,552748.261698,1.994
ANTUSDT,ANT,549957.8717,7.407
FRONTUSDT,FRONT,548328.1538,0.88
TURBOUSDT,TURBO,545518.363854,0.000901
GASUSDT,GAS,544705.3663,1.29
EGLDUSDT,EGLD,543902.44769,4.153
NEOUSDT,NEO,539895.02678,2.211
GTOUSDT,GTO,534484.499351,0.01233
PDAUSDT,PDA,533148.086122,0.00977
GFTUSDT,GFT,533097.35823,0.00196
MIRUSDT,MIR,528567.844509,0.14168
NEBLUSDT,NEBL,522050.8291,0.355
VGXUSDT,VGX,515639.20639,0.018
BATUSDT,BAT,515545.0253,0.0768
QNTUSDT,QNT,512630.56291,64.37
BMTUSDT,BMT,505629.899154,0.01781
SUSHIUSDT,SUSHI,504900.30426,0.2162
TCTUSDT,TCT,502387.03863,0.00312
BNTUSDT,BNT,499889.25615,0.3085
PARTIUSDT,PARTI,499549.70473,0.0227
ESPUSDT,ESP,499210.77523,0.0862
LINEAUSDT,LINEA,496705.517385,0.002571
ORNUSDT,ORN,495531.1276,1.053
TORNUSDT,TORN,490754.2787,4.06
ENSOUSDT,ENSO,488008.11759,0.918
NOMUSDT,NOM,486246.31583,0.00157
GRTUSDT,GRT,486152.8991,0.01803
WTCUSDT,WTC,485356.1247,0.0103
TRIBEUSDT,TRIBE,485272.655,0.2018
BIGTIMEUSDT,BIGTIME,484449.83362,0.00718
LUNAUSDT,LUNA,477123.749509,0.0455
RENUSDT,REN,476205.42629,0.04274
REPUSDT,REP,473556.1177,4.73
SRMUSDT,SRM,472900.205855,0.24442
DOCKUSDT,DOCK,471080.89641,0.0039
KMNOUSDT,KMNO,470719.60288,0.02488
PROVEUSDT,PROVE,470683.0108,0.1878
SIGNUSDT,SIGN,470327.0347,0.01044
RSRUSDT,RSR,468316.4178228,0.00144
ARKMUSDT,ARKM,463198.37313,0.101
STPTUSDT,STPT,463191.942588,0.07042
ENSUSDT,ENS,462503.3019,5.7
WUSDT,W,461519.286961,0.00986
1INCHUSDT,1INCH,457840.82099,0.0928
TWTUSDT,TWT,455955.7961,0.5456
GMTUSDT,GMT,454128.719883,0.00757
DIAUSDT,DIA,449180.73416,0.1255
EPICUSDT,EPIC,446004.1399,0.3587
MKRUSDT,MKR,440708.83626,1813.7
WAVESUSDT,WAVES,438682.24606,1.076
ORCAUSDT,ORCA,438526.81571,1.347
MBOXUSDT,MBOX,435674.40905,0.0021
OPENUSDT,OPEN,435598.90836,0.1396
HOMEUSDT,HOME,435386.51835,0.00529
ZRXUSDT,ZRX,432193.0451,0.1124
NEWTUSDT,NEWT,431300.973428,0.04429
CVPUSDT,CVP,428914.93213,0.0339
MANTRAUSDT,MANTRA,428402.23891,0.00403
SUPERUSDT,SUPER,427829.1077,0.1168
ALPHAUSDT,ALPHA,420453.1765,0.0097
FIROUSDT,FIRO,415626.4836,0.3
MITHUSDT,MITH,414287.123678,0.00345
FLUXUSDT,FLUX,413147.84258,0.0567
LTOUSDT,LTO,410367.5303,0.0038
DYDXUSDT,DYDX,407452.2908731,0.11319
NILUSDT,NIL,405992.956721,0.04192
DREPUSDT,DREP,404593.4049,0.0256
WRXUSDT,WRX,400903.64233,0.0173
OCEANUSDT,OCEAN,397142.0297,0.6123
ATAUSDT,ATA,395569.0624,0.0012
PIVXUSDT,PIVX,394836.4799,0.0097
ZKCUSDT,ZKC,392070.53171,0.0463
KERNELUSDT,KERNEL,391731.24996,0.0413
REEFUSDT,REEF,389266.024341,0.000688
UNFIUSDT,UNFI,389135.2309,1.341
CKBUSDT,CKB,389046.1499,0.00116
COMPUSDT,COMP,388551.89664,19.41
LEVERUSDT,LEVER,388103.817578,0.000175
ONEUSDT,ONE,381115.1345697,0.000731
VIBUSDT,VIB,380611.67365,0.00223
IRISUSDT,IRIS,379455.50186,0.00521
USDEUSDT,USDE,376073.4267,1.0
SXPUSDT,SXP,372107.19198,0.0022
ACAUSDT,ACA,371370.826615,0.0018
FORUSDT,FOR,369393.67526,0.00306
AMBUSDT,AMB,369169.95853,0.00032
KP3RUSDT,KP3R,367918.2188,16.48
HYPERUSDT,HYPER,367459.56094,0.0692
UTKUSDT,UTK,361456.09659,0.00795
PERLUSDT,PERL,359284.384562,0.0046
EDENUSDT,EDEN,356757.80212,0.04711
DCRUSDT,DCR,356006.85977,16.78
DEGOUSDT,DEGO,353165.89898,0.028
MOBUSDT,MOB,350633.643459,0.0623
ATMUSDT,ATM,349579.50086,1.153
CLVUSDT,CLV,349014.844454,0.02937
ONTUSDT,ONT,344985.1116,0.05078
KDAUSDT,KDA,343775.052416,0.006
ENJUSDT,ENJ,342817.973517,0.02561
DUSDT,D,341567.28344,0.00461
ADXUSDT,ADX,340957.947,0.0591
MULTIUSDT,MULTI,340180.592301,0.834
XVGUSDT,XVG,339241.247632,0.002745
SNTUSDT,SNT,336732.21259,0.0272
WINGUSDT,WING,334298.94935,0.326
AIXBTUSDT,AIXBT,333540.557817,0.01975
OPNUSDT,OPN,333384.80858,0.046
SOMIUSDT,SOMI,333338.91251,0.1505
MASKUSDT,MASK,332978.8067,0.459
STOUSDT,STO,332328.88194,0.0395
HIGHUSDT,HIGH,331144.978959,0.034
MANAUSDT,MANA,328686.5217,0.0742
CATIUSDT,CATI,327115.553418,0.06335
SKLUSDT,SKL,326543.94763,0.00376
KSMUSDT,KSM,325194.96711,3.98
HMSTRUSDT,HMSTR,323373.1323211,0.0001598
METISUSDT,METIS,323358.22566,3.0
COMBOUSDT,COMBO,320262.66019,0.0276
EPXUSDT,EPX,320257.9910375,1.94e-05
RIFUSDT,RIF,320030.4828,0.0809
CYBERUSDT,CYBER,319714.37022,0.289
TRUUSDT,TRU,316015.5041,0.0023
1000SATSUSDT,1000SATS,314837.69882423,1.042e-05
MDXUSDT,MDX,314138.785907,0.0345
GNOUSDT,GNO,312445.14609,115.87
TFUELUSDT,TFUEL,311465.18683,0.00976
PHBUSDT,PHB,311302.0664,0.015
MOVEUSDT,MOVE,311217.62664,0.0081
SLFUSDT,SLF,306328.7021,0.0208
XEMUSDT,XEM,299857.23906,0.01596
LUMIAUSDT,LUMIA,298130.905597,0.0741
AVNTUSDT,AVNT,297363.18081,0.1
BETAUSDT,BETA,296136.47499,0.00036
HUMAUSDT,HUMA,295261.66955,0.02278
ICXUSDT,ICX,294098.807263,0.00841
PONDUSDT,POND,293905.01721,0.00081
DENTUSDT,DENT,293245.359287,3.8e-05
ALPINEUSDT,ALPINE,292851.99997,0.326
STMXUSDT,STMX,290032.911534,0.004565
SUNUSDT,SUN,288467.39933,0.01701
BREVUSDT,BREV,286983.29346,0.0759
FIDAUSDT,FIDA,286430.813618,0.01916
POLSUSDT,POLS,285231.01397,0.3079
XECUSDT,XEC,280846.72085755,7.49e-06
HOOKUSDT,HOOK,280468.79216,0.0078
TLMUSDT,TLM,280320.946818,0.001388
IDUSDT,ID,280283.7352,0.0344
RADUSDT,RAD,280201.9182,0.234
MMTUSDT,MMT,279189.28213,0.1528
DYMUSDT,DYM,278786.086421,0.01451
ALCXUSDT,ALCX,277349.023941,1.91
CREAMUSDT,CREAM,276098.07379,2.1
BANANAUSDT,BANANA,275235.806193,3.828
ALPACAUSDT,ALPACA,274900.36652,0.2244
CELRUSDT,CELR,273340.280722,0.002115
ANIMEUSDT,ANIME,269750.705111,0.00308
SNXUSDT,SNX,269129.4638,0.2106
CTXCUSDT,CTXC,266988.9592,0.0634
AGLDUSDT,AGLD,265974.56307,0.1739
BTSUSDT,BTS,262741.669508,0.0054
PNTUSDT,PNT,261845.0621,0.035
FLOWUSDT,FLOW,261812.8820086,0.02833
FLMUSDT,FLM,258943.1333,0.0167
ERAUSDT,ERA,258174.20259,0.059
WCTUSDT,WCT,256874.522603,0.03745
PSGUSDT,PSG,255689.91847,0.463
INITUSDT,INIT,252421.702377,0.069
AMPUSDT,AMP,249142.395648,0.000444
ARDRUSDT,ARDR,247854.18449,0.02096
IMXUSDT,IMX,245070.606693,0.1236
MEMEUSDT,MEME,245024.245427,0.000533
CTKUSDT,CTK,244718.03704,0.1246
COWUSDT,COW,243375.10299,0.1348
ARPAUSDT,ARPA,239181.753591,0.0097
LISTAUSDT,LISTA,237653.93673,0.075
A2ZUSDT,A2Z,235762.435446,8.4e-05
TOWNSUSDT,TOWNS,235413.69493,0.00188
YBUSDT,YB,235375.20188,0.0825
VITEUSDT,VITE,234222.031484,0.00086
NMRUSDT,NMR,234150.5472,9.01
TNSRUSDT,TNSR,231778.97765,0.0342
RAREUSDT,RARE,231762.234665,0.01183
BALUSDT,BAL,231043.32076,0.967
ZKPUSDT,ZKP,230419.99398,0.0442
ACHUSDT,ACH,229206.24985,0.00521
QTUMUSDT,QTUM,227012.5437,0.919
AUSDT,A,223282.17042,0.0827
ATUSDT,AT,221677.04737,0.1489
FTTUSDT,FTT,220335.512609,0.2036
ZBTUSDT,ZBT,220128.85972,0.0781
OXTUSDT,OXT,218039.6497,0.0094
OGUSDT,OG,217829.3331,2.671
FOGOUSDT,FOGO,217551.55941,0.00634
BIFIUSDT,BIFI,217161.9825,32.1
BURGERUSDT,BURGER,216978.21736,0.0172
QIUSDT,QI,215979.589832,0.001296
KMDUSDT,KMD,215280.2414,0.0163
BELUSDT,BEL,214025.74171,0.1194
USUALUSDT,USUAL,213877.575115,0.01159
CETUSUSDT,CETUS,212294.925103,0.02081
ACMUSDT,ACM,210138.2745,0.269
NBTUSDT,NBT,209186.60627,0.00252
NTRNUSDT,NTRN,208952.30155,0.0016
GMXUSDT,GMX,206439.12084,7.45
OPGUSDT,OPG,205952.71494,0.1015
ALICEUSDT,ALICE,205167.929409,0.1293
AKROUSDT,AKRO,204099.220468,0.000981
FISUSDT,FIS,203751.9179,0.0191
XAIUSDT,XAI,202945.399946,0.00716
OAXUSDT,OAX,202253.7149,0.0358
SAPIENUSDT,SAPIEN,201627.36384,0.0741
RESOLVUSDT,RESOLV,200755.037912,0.01693
GLMRUSDT,GLMR,200139.2663082,0.006162
DUSKUSDT,DUSK,199505.478,0.0709
YGGUSDT,YGG,196584.448134,0.02274
USDSUSDT,USDS,194220.3921,0.9999
LRCUSDT,LRC,191408.95477,0.01879
NXPCUSDT,NXPC,190128.26682,0.2106
AUDIOUSDT,AUDIO,190053.028215,0.01286
EDUUSDT,EDU,188422.2386,0.0495
FIOUSDT,FIO,186887.08863,0.00094
GUSDT,G,186139.49667,0.00387
PIXELUSDT,PIXEL,186033.244977,0.00484
VIDTUSDT,VIDT,183519.31426,0.00115
BADGERUSDT,BADGER,183491.40946,0.762
MANTAUSDT,MANTA,182602.960337,0.05939
NKNUSDT,NKN,181523.2437,0.0073
FORTHUSDT,FORTH,179354.15762,0.237
MEUSDT,ME,177813.7049586,0.06659
WNXMUSDT,WNXM,177656.5217,73.26
USTCUSDT,USTC,177576.68545,0.00533
LINAUSDT,LINA,176157.586951,0.000337
LAYERUSDT,LAYER,172583.803518,0.0693
CHESSUSDT,CHESS,167264.084137,0.00281
OSMOUSDT,OSMO,163825.782104,0.0337
VOXELUSDT,VOXEL,163813.59403,0.014
WANUSDT,WAN,163395.35698,0.0543
SSVUSDT,SSV,163304.02914,2.837
MAGICUSDT,MAGIC,163294.43511,0.0439
WINUSDT,WIN,159382.59040042,3.974e-05
AWEUSDT,AWE,158359.95491,0.06138
NULSUSDT,NULS,158334.2691,0.0258
FARMUSDT,FARM,155364.64953,5.8
MAVUSDT,MAV,153636.34528,0.01048
COSUSDT,COS,152020.1454239,0.000251
CUSDT,C,150623.45154,0.0578
HOTUSDT,HOT,148682.015756,0.000376
GNSUSDT,GNS,148136.19753,0.424
FUNUSDT,FUN,148061.636391,0.000342
SLPUSDT,SLP,147945.114106,0.000633
TKOUSDT,TKO,144709.73275,0.0509
TROYUSDT,TROY,144294.082243,6.9e-05
HAEDALUSDT,HAEDAL,143202.550679,0.01914
ACXUSDT,ACX,142721.642452,0.04123
CITYUSDT,CITY,140992.74713,0.349
SHELLUSDT,SHELL,140378.38909,0.0206
ACTUSDT,ACT,139563.336012,0.00946
BANANAS31USDT,BANANAS31,139117.129755,0.007515
MDTUSDT,MDT,138855.092458,0.00403
HARDUSDT,HARD,138020.6777,0.0095
STGUSDT,STG,135411.58847,0.1532
JOEUSDT,JOE,132936.729048,0.0298
PORTOUSDT,PORTO,130992.73995,0.45
XVSUSDT,XVS,130518.1951,3.07
IDEXUSDT,IDEX,129855.539344,0.00199
BANDUSDT,BAND,128965.89109,0.1896
SXTUSDT,SXT,127977.772061,0.00828
GUNUSDT,GUN,127431.80805,0.00269
CHRUSDT,CHR,125915.23367,0.01625
AEVOUSDT,AEVO,125363.7809072,0.02224
JUVUSDT,JUV,121748.37744,0.3
BARDUSDT,BARD,120373.11033,0.1267
KEYUSDT,KEY,119194.804217,0.001253
CGPTUSDT,CGPT,118773.946973,0.01961
C98USDT,C98,117295.26141,0.01405
RDNTUSDT,RDNT,114512.79625,0.00328
UMAUSDT,UMA,114361.5368,0.367
SYSUSDT,SYS,113408.06823,0.00223
PROSUSDT,PROS,112537.9207,0.0372
DATAUSDT,DATA,111558.29681,0.00088
AIUSDT,AI,111055.68685,0.0172
GHSTUSDT,GHST,108841.868,0.108
COOKIEUSDT,COOKIE,108576.71336,0.0103
UFTUSDT,UFT,107823.8976,0.0089
DFUSDT,DF,107337.29702,0.00164
ASTUSDT,AST,105362.9768,0.0261
LQTYUSDT,LQTY,104013.90474,0.215
QUICKUSDT,QUICK,103091.784,0.00919
LAZIOUSDT,LAZIO,103072.01526,0.367
BARUSDT,BAR,101197.0332,0.266
RLCUSDT,RLC,100799.5492,0.2755
SANTOSUSDT,SANTOS,99675.43308,0.493
SPELLUSDT,SPELL,98206.1051687,8.28e-05
AERGOUSDT,AERGO,96533.1607,0.0635
PERPUSDT,PERP,95210.092318,0.125
GENIUSUSDT,GENIUS,94129.71745,0.3019
XNOUSDT,XNO,91784.6851,0.329
YFIUSDT,YFI,89704.33726,2156.0
DOLOUSDT,DOLO,88369.286401,0.02437
USDPUSDT,USDP,86945.6922,0.9978
DGBUSDT,DGB,85015.038995,0.00441
MLNUSDT,MLN,84899.48862,1.7
OGNUSDT,OGN,84089.4681,0.01782
ASRUSDT,ASR,83762.6573,0.85
AEURUSDT,AEUR,82628.67376,1.1443
REIUSDT,REI,80810.563826,0.00401
REQUSDT,REQ,80741.1845,0.0527
TURTLEUSDT,TURTLE,79638.49008,0.0404
RPLUSDT,RPL,79350.08176,1.742
WOOUSDT,WOO,72158.029816,0.011
SFPUSDT,SFP,70645.3215,0.2799
FRAXUSDT,FRAX,68793.39277,0.2707
KGSTUSDT,KGST,41305.420779,0.011401
GTCUSDT,GTC,36153.268825,0.07781
